{
  "_generated": "Generated by SweetTooth, do not edit",
  "description": "Gnome CPU Frequency Monitor and Governor Manager.\n\nThis is a lightweight CPU frequency scaling monitor and powerful CPU management tool. The extension is using standard cpufreq kernel modules to collect information and manage governors. It needs root permission to able changing governors.\n\nFeatures:\n\u26ab Compatible with many hardware architectures;\n\u26ab CPU Frequency monitoring;\n\u26ab CPU Governor management;\n\u26ab CPU Frequency speed limits;\n\u26ab CPU Boost supporting;\n\u26ab CPU Power on/off supporting;\n\u26ab Saving/Restoring settings...\n\nFor more information and how-to see README.md",
  "name": "cpufreq",
  "settings-schema": "org.gnome.shell.extensions.cpufreq",
  "shell-version": [
    "3.14","3.16","3.18","3.20","3.22","3.24","3.26","3.28","3.30","3.32"
  ],
  "url": "https://github.com/konkor/cpufreq",
  "uuid": "cpufreq@konkor",
  "version": 33
}
